{
  "version": 1,
  "author": "Anonymous maker",
  "editor": "wokwi",
  "parts": [
    { "type": "wokwi-arduino-uno", "id": "uno", "top": 48.6, "left": 37.8, "attrs": {} },
    { "type": "wokwi-7segment", "id": "sevseg1", "top": -99.32, "left": -146.78, "attrs": {} }
  ],
  "connections": [
    [ "sevseg1:COM.1", "uno:5V", "red", [ "h0", "v355.2", "h316.8" ] ],
    [ "sevseg1:A", "uno:12", "yellow", [ "v-66.36", "h230.4" ] ],
    [ "sevseg1:B", "uno:11", "blue", [ "v-56.76", "h268.8", "v19.2" ] ],
    [ "sevseg1:C", "uno:10", "#8f4814", [ "v28.8", "h297.6", "v0", "h-9.6" ] ],
    [ "sevseg1:D", "uno:9", "orange", [ "v48", "h316.8" ] ],
    [ "sevseg1:E", "uno:8", "green", [ "v67.2", "h336" ] ],
    [ "sevseg1:F", "uno:7", "magenta", [ "v-8.76", "h336" ] ],
    [ "sevseg1:G", "uno:6", "cyan", [ "v-27.96", "h384" ] ]
  ],
  "dependencies": {}
}